{"cameraMode":{"drawMode":0,"name":"Shaded","section":"Shading Mode"},"sceneLighting":true,"audioPlay":false,"sceneViewState":{"showFog":true,"showMaterialUpdate":false,"showSkybox":true,"showFlares":true,"showImageEffects":true,"showParticleSystems":true},"in2DMode":false,"pivot":{"x":-4.555171966552734,"y":-4.76425838470459,"z":-13.145038604736329},"rotation":{"x":-0.009744220413267613,"y":-0.9864676594734192,"z":0.15091641247272492,"w":-0.06366288661956787},"size":12.79300594329834,"orthographic":false}